{
    "accuracy": 0.8733444629938787,
    "roc_auc": 0.9145938529225031
}