{
    "accuracy": 0.8718976071229827,
    "roc_auc": 0.9137566960338104
}